1,,,,,,,,,,,,,,,,,,,,,,,,,,,,,,,,,,,,,,,,,,,,,,,,,,,,,,,,,,,,,,,,,,,,,,,,,,,,,,,,,,,,,,,,,,,,,,,,,,,,,,,,,,,,,,,,,,,,,,,,,,,,,,,,,,,,,,,,,,,,,,,,,,,,,,,,,,,,,,,,,,,,,,,,,,,,,,,,,,,,,,,,,,,,,
51,51,51,51,51,51,51,51,51,51,51,51,51,51,51,51,51,51,51,51,51,51,51,51,51,51,51,51,51,51,51,51,51,51,51,51,51,51,51,51,51,51,51,51,51,51,51,51,51,51,51,51,51,51,51,51,51,51,51,51,51,51,51,51,51,51,51,51,51,51,51,51,51,51,51,51,51,51,51,51,51,51,51,59,59,60,72,65,67,65,69,73,69,74,85,77,81,87,94,95,100,101,107,105,107,107,108,109,108,106,109,110,110,109,109,110,111,110,111,109.4318182,107.8636364,106.2954545,104.7272727,103.1590909,101.5909091,100.0227273,98.45454545,96.88636364,95.31818182,93.75,92.18181818,90.61363636,89.04545455,87.47727273,85.90909091,84.34090909,82.77272727,81.20454545,79.63636364,78.06818182,76.5,51,51,51,51,51,51,51,51,51,51,51,51,51,51,51,51,51,51,51,51,51,51,51,51,51,51,51,51,51,51,51,51,51,51,51,51,51,51,51,51,51,51,51,51,51,51,51,51,51
51,51,51,51,51,51,51,51,51,51,51,51,51,51,51,51,51,51,51,51,51,51,51,51,51,51,51,51,51,51,51,51,51,51,51,51,51,51,51,51,51,51,51,51,51,51,51,51,51,51,51,51,51,51,51,51,51,51,51,51,51,51,51,51,51,51,51,51,51,51,51,51,51,51,51,51,51,51,51,51,51,51,51,71,62,62,76,72,78,74,77,76,73,85,97,85,88,93,98,107,107,112,111,105,103,106,117,116,110,104,103,104,110,117,118,115,112,107,110,121,122,111,107,110,121,114,116,104,102.75,101.5,100.25,99,97.75,96.5,95.25,94,92.75,91.5,90.25,89,87.75,86.5,85.25,84,82.75,81.5,80.25,79,77.75,76.5,51,51,51,51,51,51,51,51,51,51,51,51,51,51,51,51,51,51,51,51,51,51,51,51,51,51,51,51,51,51,51,51,51,51,51,51,51,51,51,51
51,51,51,51,51,51,51,51,51,51,51,51,51,51,51,51,51,51,51,51,51,51,51,51,51,51,51,51,51,51,51,51,51,51,51,51,51,51,51,51,51,51,51,51,51,51,51,51,51,51,51,51,51,51,51,51,51,51,51,51,51,51,51,51,51,51,51,51,53,53,53,53,67,65,67,63,69,81,82,82,77,78,82,97,99,95,98,92,103,115,117,113,107,108,111,121,122,120,109,107,109,119,120,116,111,112,112,116,120,118,116,111,111,110,121,121,116,109,114,115,118,117,111,109,115,116,111,108,106,106,113,111,109,100,106,104.6590909,103.3181818,101.9772727,100.6363636,99.29545455,97.95454545,96.61363636,95.27272727,93.93181818,92.59090909,91.25,89.90909091,88.56818182,87.22727273,85.88636364,84.54545455,83.20454545,81.86363636,80.52272727,79.18181818,77.84090909,76.5,51,51,51,51,51,51,51,51,51,51,51,51,51,51,51,51,51,51,51,51,51,51,51,51,51,51,51,51,51,51,51,51,51
51,51,51,51,51,51,51,51,51,51,51,51,51,51,51,51,51,51,51,51,51,51,51,51,51,51,51,51,51,51,51,51,51,51,51,51,51,51,52,52,52,52,52,52,52,52,52,52,51,52,54,60,73,82,82,92,94,99,108,110,114,114,116,116,116,117,119,119,120,120,121,121,121,122,121,122,123,122,122,122,123,122,122,123,122,121,121,123,122,122,122,122,122,121,122,121,122,121,120,120,121,120,120,120,119,119,118,119,118,118,117,117,117,117,117,116,115,115,115,114,113,113,112,112,112,111,111,109,111,109,109,108,108,107,106,106,105,103,107,104,102.75,101.5,100.25,99,97.75,96.5,95.25,94,92.75,91.5,90.25,89,87.75,86.5,85.25,84,82.75,81.5,80.25,79,77.75,76.5,51,51,51,51,51,51,51,51,51,51,51,51,51,51,51,51,51,51,51,51,51,51,51,51,51,51,51,51
51,51,51,51,51,51,51,51,51,51,51,51,51,51,51,51,51,51,51,51,51,51,51,51,51,51,51,51,51,51,51,51,52,52,52,53,53,53,53,53,53,54,55,57,66,72,89,103,114,115,116,118,119,121,122,123,123,124,124,125,124,126,125,126,125,125,125,125,124,125,123,124,123,124,124,123,123,122,123,123,122,122,122,121,121,122,121,121,121,121,121,120,120,120,120,121,120,120,120,119,119,118,119,118,117,118,118,118,116,117,117,116,116,116,115,115,114,114,114,114,113,112,111,112,110,109,111,109,110,109,108,107,108,106,106,105,105,104,104,103,102,101,99.88636364,98.77272727,97.65909091,96.54545455,95.43181818,94.31818182,93.20454545,92.09090909,90.97727273,89.86363636,88.75,87.63636364,86.52272727,85.40909091,84.29545455,83.18181818,82.06818182,80.95454545,79.84090909,78.72727273,77.61363636,76.5,51,51,51,51,51,51,51,51,51,51,51,51,51,51,51,51,51,51,51,51,51,51,51,51,51,51
51,51,51,51,51,51,51,51,51,51,51,51,51,51,51,51,51,51,51,51,51,51,51,51,51,51,51,51,51,51,51,51,54,55,55,56,58,61,72,89,104,112,115,117,119,121,122,124,125,127,127,127,127,127,126,127,125,126,125,125,124,124,124,123,124,124,123,123,122,123,123,122,122,121,122,122,122,121,121,121,121,121,120,120,120,120,120,120,120,119,119,119,120,119,119,119,119,119,118,119,119,119,118,118,117,117,117,117,116,116,116,115,114,115,114,114,114,113,113,112,112,112,111,110,110,110,109,108,109,108,108,107,107,105,105,104,104,102,103,102,102,101,100,100,99,97.97727273,96.95454545,95.93181818,94.90909091,93.88636364,92.86363636,91.84090909,90.81818182,89.79545455,88.77272727,87.75,86.72727273,85.70454545,84.68181818,83.65909091,82.63636364,81.61363636,80.59090909,79.56818182,78.54545455,77.52272727,76.5,51,51,51,51,51,51,51,51,51,51,51,51,51,51,51,51,51,51,51,51,51,51,51
51,51,51,51,51,51,51,51,51,51,51,51,51,51,51,51,51,51,51,51,51,51,51,51,51,52,53,54,55,56,58,59,66,77,93,108,113,114,117,120,122,123,125,126,126,126,126,126,125,125,126,125,124,125,123,124,123,123,123,123,123,122,122,122,122,121,121,120,121,121,121,121,120,120,120,120,120,119,120,119,119,119,119,119,119,119,119,118,119,118,118,118,118,118,118,116,117,117,117,117,117,117,117,116,117,116,115,115,115,116,114,114,114,113,114,114,112,112,112,111,111,110,110,108,110,108,108,107,107,107,106,106,105,105,105,104,103,101,102,101,101,100,100,99,99,99,97.97727273,96.95454545,95.93181818,94.90909091,93.88636364,92.86363636,91.84090909,90.81818182,89.79545455,88.77272727,87.75,86.72727273,85.70454545,84.68181818,83.65909091,82.63636364,81.61363636,80.59090909,79.56818182,78.54545455,77.52272727,76.5,51,51,51,51,51,51,51,51,51,51,51,51,51,51,51,51,51,51,51,51,51,51
51,51,51,51,51,51,51,51,51,51,51,51,51,51,51,51,51,51,51,51,51,51,51,53,54,55,57,59,63,72,91,102,111,114,115,118,121,123,125,125,126,127,126,126,125,123,124,123,123,123,123,122,123,123,121,122,121,121,121,121,121,121,120,120,120,120,120,119,120,119,119,119,119,119,119,119,119,118,119,118,118,118,118,119,118,117,118,117,117,118,117,117,117,116,117,117,116,116,116,117,118,116,116,116,115,115,115,115,114,114,114,112,114,113,112,112,112,112,111,111,111,110,110,109,109,108,108,108,106,106,106,105,104,103,103,103,101,101,100,101,101,99,99,99,98,97,96.06818182,95.13636364,94.20454545,93.27272727,92.34090909,91.40909091,90.47727273,89.54545455,88.61363636,87.68181818,86.75,85.81818182,84.88636364,83.95454545,83.02272727,82.09090909,81.15909091,80.22727273,79.29545455,78.36363636,77.43181818,76.5,51,51,51,51,51,51,51,51,51,51,51,51,51,51,51,51,51,51,51,51,51,51
51,51,51,51,51,51,51,51,51,51,51,51,51,51,51,51,51,51,51,51,51,51,51,56,59,62,73,95,108,111,113,114,118,121,123,125,126,126,127,125,124,124,123,123,122,122,122,121,121,122,121,121,121,120,120,120,119,120,119,119,120,119,119,119,119,119,118,118,119,118,118,118,118,118,118,117,117,118,117,118,118,117,117,117,116,116,116,116,117,116,116,115,116,115,115,115,115,116,115,116,118,114,114,115,114,114,114,113,114,114,113,113,112,112,112,111,111,110,110,110,109,109,109,108,107,107,107,106,106,106,105,104,104,103,103,102,101,101,101,100,99,99,98,99,98,98,96,95.11363636,94.22727273,93.34090909,92.45454545,91.56818182,90.68181818,89.79545455,88.90909091,88.02272727,87.13636364,86.25,85.36363636,84.47727273,83.59090909,82.70454545,81.81818182,80.93181818,80.04545455,79.15909091,78.27272727,77.38636364,76.5,51,51,51,51,51,51,51,51,51,51,51,51,51,51,51,51,51,51,51,51,51
51,51,51,51,51,51,51,51,51,51,51,51,51,51,51,51,51,51,51,53,55,57,59,66,81,106,120,120,120,120,120,122,124,125,126,127,125,124,124,122,123,123,122,121,121,120,120,119,119,119,119,119,119,119,119,118,118,118,118,118,118,117,117,117,117,117,117,117,117,116,117,117,117,117,117,116,117,116,116,116,117,116,116,115,115,115,115,115,115,115,114,115,114,114,114,114,114,114,114,115,118,114,113,113,114,114,113,113,112,113,112,112,112,111,111,111,111,110,110,109,109,108,108,109,106,107,106,106,106,105,105,103,103,102,103,102,101,100,101,100,100,99,99,98,98,97,96,96,95.11363636,94.22727273,93.34090909,92.45454545,91.56818182,90.68181818,89.79545455,88.90909091,88.02272727,87.13636364,86.25,85.36363636,84.47727273,83.59090909,82.70454545,81.81818182,80.93181818,80.04545455,79.15909091,78.27272727,77.38636364,76.5,51,51,51,51,51,51,51,51,51,51,51,51,51,51,51,51,51,51,51,51
51,51,51,51,51,51,51,51,51,51,51,51,51,51,51,51,52,52,55,57,60,69,87,114,112,113,115,117,120,122,124,125,127,127,125,124,123,122,121,121,120,120,120,119,119,119,118,118,118,118,117,117,117,116,116,116,116,117,116,116,116,116,116,116,115,116,115,116,115,115,115,116,116,115,115,115,115,116,115,115,115,115,114,114,114,114,113,114,114,113,113,113,113,113,113,113,114,114,112,113,120,113,113,112,113,112,112,111,111,111,111,111,110,111,110,110,109,109,109,109,108,108,108,108,107,106,106,105,105,104,103,103,102,102,102,102,101,100,101,100,99,99,98,98,97,97,96,96,95,95,94.15909091,93.31818182,92.47727273,91.63636364,90.79545455,89.95454545,89.11363636,88.27272727,87.43181818,86.59090909,85.75,84.90909091,84.06818182,83.22727273,82.38636364,81.54545455,80.70454545,79.86363636,79.02272727,78.18181818,77.34090909,76.5,51,51,51,51,51,51,51,51,51,51,51,51,51,51,51,51,51,51
51,51,51,51,51,51,51,51,51,51,51,51,51,51,52,52,54,56,59,66,84,112,123,120,120,116,120,122,124,125,127,127,124,124,123,122,121,120,119,119,119,118,117,117,117,117,116,116,115,115,115,115,115,115,115,114,114,114,115,114,114,114,113,114,114,114,114,113,114,114,114,114,114,114,115,114,114,115,114,113,114,114,113,114,113,113,113,113,112,112,112,112,112,112,112,112,112,112,111,112,121,111,112,111,112,112,111,111,111,110,110,111,110,109,109,110,109,109,108,107,107,107,107,107,106,105,105,105,104,104,103,103,102,102,102,102,101,100,100,99,99,98,98,98,97,97,96,96,95,93,94,93.20454545,92.40909091,91.61363636,90.81818182,90.02272727,89.22727273,88.43181818,87.63636364,86.84090909,86.04545455,85.25,84.45454545,83.65909091,82.86363636,82.06818182,81.27272727,80.47727273,79.68181818,78.88636364,78.09090909,77.29545455,76.5,51,51,51,51,51,51,51,51,51,51,51,51,51,51,51,51,51
51,51,51,51,51,51,51,51,51,51,51,51,51,52,53,55,58,63,79,106,125,125,125,125,125,121,123,125,126,125,125,124,123,122,121,120,119,118,118,117,116,116,115,114,114,114,114,113,113,112,112,112,113,112,112,112,112,112,112,112,112,112,112,112,112,112,112,112,112,113,112,112,112,113,113,113,113,113,113,112,112,112,113,112,112,112,111,111,111,111,111,112,111,111,110,111,111,111,110,111,116,111,111,111,110,110,110,110,110,110,109,110,108,109,108,108,108,108,107,107,106,108,107,106,106,105,104,104,104,104,103,103,102,102,101,100,100,100,100,99,100,98,98,99,97,97,96,95,95,95,95,94,93.20454545,92.40909091,91.61363636,90.81818182,90.02272727,89.22727273,88.43181818,87.63636364,86.84090909,86.04545455,85.25,84.45454545,83.65909091,82.86363636,82.06818182,81.27272727,80.47727273,79.68181818,78.88636364,78.09090909,77.29545455,76.5,51,51,51,51,51,51,51,51,51,51,51,51,51,51,51,51
51,51,51,51,51,51,51,51,51,51,51,51,52,54,57,60,68,92,117,124,125,125,125,125,125,123,125,127,125,124,122,122,121,120,120,118,117,117,116,115,114,113,113,113,112,111,112,111,110,112,111,110,110,110,110,110,110,110,110,110,110,111,110,111,110,111,111,111,111,111,112,111,112,112,111,111,112,112,112,112,111,111,111,111,111,111,110,110,111,109,111,110,110,110,110,110,110,110,110,110,114,111,110,109,110,109,110,109,110,109,109,110,108,108,108,108,107,107,107,105,106,106,106,105,105,105,104,103,104,103,103,103,102,102,101,101,100,100,99,99,99,98,97,97,97,97,96,95,95,95,94,94,93.20454545,92.40909091,91.61363636,90.81818182,90.02272727,89.22727273,88.43181818,87.63636364,86.84090909,86.04545455,85.25,84.45454545,83.65909091,82.86363636,82.06818182,81.27272727,80.47727273,79.68181818,78.88636364,78.09090909,77.29545455,76.5,51,51,51,51,51,51,51,51,51,51,51,51,51,51,51,51
51,51,51,51,51,51,51,51,51,51,51,53,55,57,63,76,104,123,128,128,128,128,128,121,123,125,126,123,123,122,122,119,120,118,118,116,116,114,113,113,111,111,110,110,110,109,109,108,108,108,108,108,109,109,108,108,107,109,108,108,108,108,109,109,109,109,110,109,110,110,110,110,110,110,110,111,111,110,110,110,111,110,111,110,109,110,110,109,109,109,109,109,109,109,109,108,109,109,109,109,111,109,108,109,109,108,109,108,108,108,109,108,107,107,108,107,107,107,107,106,105,106,104,105,104,104,103,103,103,102,102,101,101,101,101,101,100,101,100,99,99,98,98,98,97,97,96,96,95,94,95,94,93,92.25,91.5,90.75,90,89.25,88.5,87.75,87,86.25,85.5,84.75,84,83.25,82.5,81.75,81,80.25,79.5,78.75,78,77.25,76.5,51,51,51,51,51,51,51,51,51,51,51,51,51,51,51
51,51,51,51,51,51,51,51,51,51,53,55,58,64,84,110,128,128,128,128,128,120,121,122,125,124,123,122,120,120,119,118,117,116,115,114,113,112,111,110,110,109,108,107,108,107,106,107,106,107,106,107,106,106,106,106,106,106,107,107,106,107,107,108,108,107,108,109,108,109,109,108,108,109,110,109,109,110,109,109,110,109,109,109,109,109,109,108,108,108,108,108,108,108,108,108,109,108,108,108,108,109,108,108,108,108,108,108,107,108,107,108,108,107,107,106,106,107,106,106,105,105,104,105,103,105,103,103,103,102,102,102,102,101,101,100,101,100,99,99,99,99,98,97,97,97,96,96,96,95,95,94,94,94,93.20454545,92.40909091,91.61363636,90.81818182,90.02272727,89.22727273,88.43181818,87.63636364,86.84090909,86.04545455,85.25,84.45454545,83.65909091,82.86363636,82.06818182,81.27272727,80.47727273,79.68181818,78.88636364,78.09090909,77.29545455,76.5,51,51,51,51,51,51,51,51,51,51,51,51,51,51
51,51,51,51,51,51,51,51,52,53,55,59,67,90,115,129,128,128,128,128,128,121,123,124,125,122,121,120,119,118,117,116,115,114,112,112,110,110,108,108,107,106,106,105,105,105,104,104,104,104,104,104,104,103,105,104,105,104,105,105,105,105,106,105,106,106,106,107,107,107,107,107,107,107,107,107,107,107,107,108,108,107,108,107,107,107,107,107,107,107,107,107,107,107,107,107,107,107,108,107,108,107,108,107,106,107,107,107,107,107,107,107,107,106,107,106,106,106,106,105,104,104,105,104,103,103,104,102,102,103,103,101,101,101,100,100,100,100,99,99,98,98,98,98,97,97,96,96,95,94,94,95,94,93,94,93.20454545,92.40909091,91.61363636,90.81818182,90.02272727,89.22727273,88.43181818,87.63636364,86.84090909,86.04545455,85.25,84.45454545,83.65909091,82.86363636,82.06818182,81.27272727,80.47727273,79.68181818,78.88636364,78.09090909,77.29545455,76.5,51,51,51,51,51,51,51,51,51,51,51,51,51
51,51,51,51,51,51,51,51,53,56,60,68,95,119,128,128,128,128,128,128,128,122,124,123,122,120,119,118,117,116,115,114,113,111,110,109,109,106,106,105,105,103,104,103,102,102,102,102,101,102,101,102,102,103,102,103,102,102,102,103,103,103,104,105,104,104,104,105,104,105,105,105,105,105,105,106,106,106,106,106,106,105,106,105,106,105,106,106,106,105,105,106,106,106,106,106,107,107,107,107,107,107,106,107,106,106,107,107,107,106,106,106,106,106,106,106,105,105,104,105,104,103,103,103,103,103,103,103,103,102,101,101,101,101,100,99,100,99,99,99,99,99,98,98,97,96,96,96,95,95,95,95,94,93,93,92.25,91.5,90.75,90,89.25,88.5,87.75,87,86.25,85.5,84.75,84,83.25,82.5,81.75,81,80.25,79.5,78.75,78,77.25,76.5,51,51,51,51,51,51,51,51,51,51,51,51,51
51,51,51,51,51,51,51,53,56,59,68,94,122,127,128,128,128,128,128,120,123,124,123,122,119,118,118,116,115,114,113,112,110,110,108,107,105,104,104,102,102,102,101,101,101,100,101,101,101,101,101,100,101,101,101,101,101,101,102,102,102,102,102,102,103,102,102,103,103,103,103,103,103,103,103,103,103,104,104,104,104,103,104,104,105,104,105,105,105,105,105,105,105,105,106,106,106,106,105,106,106,106,107,106,107,106,106,106,107,106,106,105,106,104,105,106,105,105,104,104,103,103,103,103,103,103,102,102,102,102,102,101,101,102,100,100,100,100,99,99,98,98,98,97,97,97,96,96,97,96,95,95,94,94,94,93.20454545,92.40909091,91.61363636,90.81818182,90.02272727,89.22727273,88.43181818,87.63636364,86.84090909,86.04545455,85.25,84.45454545,83.65909091,82.86363636,82.06818182,81.27272727,80.47727273,79.68181818,78.88636364,78.09090909,77.29545455,76.5,51,51,51,51,51,51,51,51,51,51,51,51,51
51,51,51,51,51,51,53,55,59,68,95,117,133,127,127,127,127,127,119,122,124,122,119,120,119,117,116,114,113,112,111,109,108,107,105,104,103,102,102,101,101,100,101,100,99,99,100,99,99,99,99,99,99,99,99,99,99,100,99,99,100,100,100,100,99,101,101,101,101,101,101,101,102,101,102,102,101,102,102,103,103,103,103,103,103,103,103,103,104,104,104,104,104,104,105,104,105,106,105,105,106,106,106,106,106,105,106,106,106,105,106,105,105,106,104,105,104,104,104,104,103,103,103,102,103,102,102,102,101,102,101,101,100,100,99,100,99,100,99,98,98,98,98,97,97,97,97,96,96,96,96,94,95,93,94,93.20454545,92.40909091,91.61363636,90.81818182,90.02272727,89.22727273,88.43181818,87.63636364,86.84090909,86.04545455,85.25,84.45454545,83.65909091,82.86363636,82.06818182,81.27272727,80.47727273,79.68181818,78.88636364,78.09090909,77.29545455,76.5,51,51,51,51,51,51,51,51,51,51,51,51,51
51,51,51,51,51,53,55,59,68,93,117,135,128,127,127,127,127,127,121,123,122,119,118,117,116,115,113,112,111,109,108,107,105,104,103,102,101,101,100,99,99,99,99,98,98,98,97,97,98,98,98,97,97,98,98,98,98,98,98,98,98,98,98,99,99,99,98,100,99,99,99,99,100,100,100,100,101,100,100,101,101,102,101,102,102,102,102,102,102,103,104,103,103,104,103,104,104,105,105,105,105,106,105,105,106,105,105,105,105,105,104,104,105,105,104,103,105,104,103,104,103,102,102,103,103,102,102,102,101,102,101,101,101,100,101,100,99,99,100,98,99,98,97,97,98,97,97,96,97,95,96,95,95,95,94,94,93.20454545,92.40909091,91.61363636,90.81818182,90.02272727,89.22727273,88.43181818,87.63636364,86.84090909,86.04545455,85.25,84.45454545,83.65909091,82.86363636,82.06818182,81.27272727,80.47727273,79.68181818,78.88636364,78.09090909,77.29545455,76.5,51,51,51,51,51,51,51,51,51,51,51,51
51,51,51,51,53,55,59,65,92,115,128,128,128,128,128,128,119,121,124,121,119,118,116,115,114,112,112,110,109,107,106,105,103,101,102,100,100,99,98,98,97,98,97,97,96,96,96,95,96,96,96,95,96,96,95,96,95,95,96,95,96,96,96,96,96,96,96,96,97,97,98,98,98,98,98,99,99,98,100,99,100,101,100,101,101,101,101,102,102,102,102,103,103,104,103,103,104,104,104,103,105,104,106,105,105,105,105,105,105,103,105,104,104,104,104,104,104,104,103,103,103,103,103,104,102,102,102,101,102,101,101,100,100,100,100,100,100,100,99,99,98,98,97,97,97,96,97,97,95,97,95,96,96,95,94,94,93.20454545,92.40909091,91.61363636,90.81818182,90.02272727,89.22727273,88.43181818,87.63636364,86.84090909,86.04545455,85.25,84.45454545,83.65909091,82.86363636,82.06818182,81.27272727,80.47727273,79.68181818,78.88636364,78.09090909,77.29545455,76.5,51,51,51,51,51,51,51,51,51,51,51,51
51,51,51,52,54,58,67,89,113,122,128,128,128,128,128,128,120,123,122,119,118,116,115,114,112,111,109,108,107,105,104,102,102,101,100,99,98,97,97,96,96,95,96,95,95,94,95,94,95,94,94,94,94,93,94,94,95,94,94,93,94,94,94,94,94,94,94,94,95,95,95,96,96,96,96,97,98,98,99,99,99,100,100,100,100,101,101,102,102,102,102,102,102,103,103,104,103,103,103,104,104,104,104,104,103,105,105,105,104,104,104,104,103,105,104,103,103,104,103,103,102,103,103,103,102,102,102,102,102,101,101,100,101,101,101,100,100,99,98,99,99,98,99,98,97,97,97,97,96,97,96,95,95,95,94,94,93.20454545,92.40909091,91.61363636,90.81818182,90.02272727,89.22727273,88.43181818,87.63636364,86.84090909,86.04545455,85.25,84.45454545,83.65909091,82.86363636,82.06818182,81.27272727,80.47727273,79.68181818,78.88636364,78.09090909,77.29545455,76.5,51,51,51,51,51,51,51,51,51,51,51,51
51,51,52,54,56,62,80,105,129,128,128,128,128,128,119,119,122,122,119,118,116,115,113,112,110,109,108,106,104,103,102,101,100,100,99,98,97,97,96,95,94,94,95,94,94,94,93,93,93,93,92,92,92,92,92,93,92,92,92,92,92,92,92,92,92,92,93,93,94,93,95,95,95,95,96,96,96,97,97,98,98,99,99,100,100,100,101,101,101,101,101,102,102,102,103,103,102,103,104,103,104,104,102,104,104,104,104,104,103,103,103,104,104,103,103,103,103,103,103,103,102,103,102,102,102,102,101,101,101,101,101,101,101,100,100,99,99,100,99,99,99,99,98,98,98,97,97,97,96,96,96,95,96,95,95,94,94,93.20454545,92.40909091,91.61363636,90.81818182,90.02272727,89.22727273,88.43181818,87.63636364,86.84090909,86.04545455,85.25,84.45454545,83.65909091,82.86363636,82.06818182,81.27272727,80.47727273,79.68181818,78.88636364,78.09090909,77.29545455,76.5,51,51,51,51,51,51,51,51,51,51,51
51,51,53,55,60,72,99,123,127,128,128,128,128,128,119,121,122,120,118,116,115,113,111,110,109,107,106,104,103,102,101,100,99,98,97,97,96,95,95,95,94,94,93,93,93,92,91,91,91,91,91,91,90,91,90,90,90,91,90,91,90,90,91,91,91,91,92,92,92,93,94,94,94,95,95,95,96,96,97,98,98,98,98,99,99,100,100,101,100,101,101,102,102,102,102,102,102,102,103,103,103,103,103,104,103,103,103,104,104,103,103,104,103,103,103,103,102,103,103,102,103,102,102,102,102,102,102,101,101,101,101,101,102,100,100,100,100,99,99,99,98,99,99,98,98,98,98,97,97,96,97,95,96,96,96,95,94,93.20454545,92.40909091,91.61363636,90.81818182,90.02272727,89.22727273,88.43181818,87.63636364,86.84090909,86.04545455,85.25,84.45454545,83.65909091,82.86363636,82.06818182,81.27272727,80.47727273,79.68181818,78.88636364,78.09090909,77.29545455,76.5,51,51,51,51,51,51,51,51,51,51,51
51,52,54,58,65,89,112,133,127,127,127,127,127,119,120,123,120,118,118,115,113,113,110,109,107,105,103,102,101,100,99,99,97,97,96,96,95,95,94,94,92,92,92,91,90,91,90,90,90,90,89,89,89,89,89,89,89,89,89,89,89,90,90,90,90,90,92,91,92,92,92,93,93,94,94,94,96,96,97,97,97,98,99,99,98,100,99,101,101,101,101,101,102,101,101,102,102,103,102,102,103,103,103,103,103,103,104,103,103,104,104,102,103,103,103,103,103,102,103,102,102,102,102,102,102,102,101,101,102,100,101,101,100,100,100,99,100,99,99,99,99,98,98,98,98,97,97,97,96,97,97,96,96,95,95,96,95,94.15909091,93.31818182,92.47727273,91.63636364,90.79545455,89.95454545,89.11363636,88.27272727,87.43181818,86.59090909,85.75,84.90909091,84.06818182,83.22727273,82.38636364,81.54545455,80.70454545,79.86363636,79.02272727,78.18181818,77.34090909,76.5,51,51,51,51,51,51,51,51,51,51,51
51,52,56,61,77,104,128,125,127,127,127,127,127,120,122,121,119,118,115,114,112,111,108,107,106,103,102,102,101,99,98,98,97,95,95,94,94,94,93,92,91,90,90,90,89,89,88,88,88,88,88,87,88,88,88,87,88,88,88,88,88,88,89,89,90,89,90,91,91,92,92,92,94,94,94,94,95,95,96,96,97,97,97,98,99,99,99,100,100,100,101,101,101,101,102,101,102,102,102,102,102,103,103,103,102,104,103,103,102,103,103,103,102,102,103,102,102,102,103,103,102,102,103,101,102,102,101,100,101,101,101,100,100,100,100,100,99,98,100,98,98,98,99,98,99,98,97,97,97,96,97,97,96,96,95,96,96,95.11363636,94.22727273,93.34090909,92.45454545,91.56818182,90.68181818,89.79545455,88.90909091,88.02272727,87.13636364,86.25,85.36363636,84.47727273,83.59090909,82.70454545,81.81818182,80.93181818,80.04545455,79.15909091,78.27272727,77.38636364,76.5,51,51,51,51,51,51,51,51,51,51,51
51,54,58,66,91,114,134,125,125,125,125,117,120,122,122,120,118,116,115,112,110,109,107,105,104,103,102,100,99,98,97,97,95,95,94,93,93,92,91,91,90,89,89,88,88,88,87,86,87,86,86,86,86,86,86,86,87,87,87,88,87,88,89,89,89,89,90,91,91,92,92,93,93,93,94,94,94,95,95,96,97,97,97,99,99,99,99,99,100,100,101,101,101,101,102,101,102,102,101,102,103,102,103,102,102,102,103,103,103,103,102,102,102,103,103,103,102,102,102,103,103,102,101,102,102,101,101,101,101,101,101,100,101,100,100,100,100,99,99,99,99,99,99,97,98,98,97,97,97,98,96,96,96,96,96,96,95,95,94.15909091,93.31818182,92.47727273,91.63636364,90.79545455,89.95454545,89.11363636,88.27272727,87.43181818,86.59090909,85.75,84.90909091,84.06818182,83.22727273,82.38636364,81.54545455,80.70454545,79.86363636,79.02272727,78.18181818,77.34090909,76.5,51,51,51,51,51,51,51,51,51,51
51,56,61,79,103,124,123,125,125,125,125,119,122,123,120,119,117,115,114,112,109,108,107,104,103,101,101,99,98,97,96,96,94,94,93,92,92,91,91,89,89,88,88,87,86,86,85,85,86,85,85,85,85,86,86,86,86,87,87,87,87,87,87,88,88,89,89,90,90,90,92,92,93,93,94,93,94,95,95,96,97,97,97,97,98,98,99,99,99,100,99,100,101,101,101,101,101,101,102,102,102,102,102,103,103,103,102,103,103,102,102,103,103,103,103,103,102,102,102,102,102,102,101,102,101,101,101,102,101,101,100,101,100,100,100,99,100,100,99,98,99,99,99,98,98,98,98,98,97,97,98,97,96,97,97,96,96,95,94.15909091,93.31818182,92.47727273,91.63636364,90.79545455,89.95454545,89.11363636,88.27272727,87.43181818,86.59090909,85.75,84.90909091,84.06818182,83.22727273,82.38636364,81.54545455,80.70454545,79.86363636,79.02272727,78.18181818,77.34090909,76.5,51,51,51,51,51,51,51,51,51,51
51,57,66,91,111,132,123,125,125,125,125,120,123,122,121,118,117,115,112,110,109,107,104,104,102,101,99,98,98,96,95,95,93,94,92,91,90,89,89,88,87,87,85,85,85,85,84,83,84,84,84,84,84,84,85,85,85,86,86,86,87,87,88,88,88,89,89,90,90,90,91,91,92,93,93,93,94,94,95,96,96,97,97,98,98,98,99,98,99,99,100,101,101,100,101,101,101,101,102,101,101,102,102,102,102,102,102,103,102,103,103,103,103,102,102,102,102,102,102,102,102,101,102,101,101,101,102,102,101,101,100,101,100,100,100,99,100,99,99,99,99,98,99,98,98,98,97,98,98,98,97,96,97,96,97,96,96,96,95.11363636,94.22727273,93.34090909,92.45454545,91.56818182,90.68181818,89.79545455,88.90909091,88.02272727,87.13636364,86.25,85.36363636,84.47727273,83.59090909,82.70454545,81.81818182,80.93181818,80.04545455,79.15909091,78.27272727,77.38636364,76.5,51,51,51,51,51,51,51,51,51,51
51,59,74,100,123,135,123,125,125,125,125,122,124,122,119,117,115,113,111,110,108,106,104,103,101,100,98,98,96,96,95,93,93,92,91,90,89,88,87,87,87,86,84,84,83,83,83,84,83,83,84,83,85,84,84,85,85,85,86,86,87,87,88,87,88,88,89,89,90,91,91,92,92,93,93,93,94,94,95,95,96,96,96,97,97,98,99,98,100,99,99,100,100,101,101,101,101,102,101,101,101,102,102,102,102,102,103,102,102,102,102,102,102,102,102,102,102,103,102,102,101,101,102,102,101,102,101,101,101,101,101,101,100,100,100,100,99,100,99,99,99,98,99,99,98,99,98,99,98,97,98,98,97,97,97,97,96,96,95.11363636,94.22727273,93.34090909,92.45454545,91.56818182,90.68181818,89.79545455,88.90909091,88.02272727,87.13636364,86.25,85.36363636,84.47727273,83.59090909,82.70454545,81.81818182,80.93181818,80.04545455,79.15909091,78.27272727,77.38636364,76.5,51,51,51,51,51,51,51,51,51,51
51,60,84,106,127,128,128,128,128,128,118,123,122,121,118,118,115,113,111,109,107,105,105,102,101,100,98,97,96,94,93,93,93,91,91,89,89,88,87,86,85,85,83,83,83,83,83,83,83,83,83,83,83,84,84,85,85,85,85,86,87,87,87,88,88,88,89,89,90,91,91,91,92,93,92,93,94,95,94,95,95,96,97,97,97,98,98,98,99,99,99,99,100,100,100,101,101,101,102,101,102,102,102,102,102,102,102,102,102,102,103,102,102,102,102,102,103,102,102,102,102,101,101,102,102,102,101,101,100,101,100,101,101,100,99,100,99,99,100,100,99,99,99,99,98,99,99,98,98,98,98,98,97,97,97,97,97,96,95.11363636,94.22727273,93.34090909,92.45454545,91.56818182,90.68181818,89.79545455,88.90909091,88.02272727,87.13636364,86.25,85.36363636,84.47727273,83.59090909,82.70454545,81.81818182,80.93181818,80.04545455,79.15909091,78.27272727,77.38636364,76.5,51,51,51,51,51,51,51,51,51,51
51,63,92,112,133,128,128,128,128,128,124,125,123,120,118,117,115,112,111,109,107,105,103,102,99,99,97,96,96,94,95,92,91,90,89,88,88,87,86,85,85,83,83,82,83,82,82,82,82,82,84,83,84,84,83,85,85,85,85,86,86,87,87,87,88,88,88,89,90,90,90,91,91,92,93,94,93,94,94,95,95,96,96,97,97,98,98,98,98,98,99,99,99,99,100,100,101,101,102,101,102,101,101,102,101,102,102,102,102,102,102,102,102,102,102,103,101,103,102,102,102,102,102,102,102,102,101,101,101,100,101,101,100,100,100,100,99,100,99,100,99,99,99,99,99,99,98,98,98,98,98,98,98,97,98,97,97,97,96.06818182,95.13636364,94.20454545,93.27272727,92.34090909,91.40909091,90.47727273,89.54545455,88.61363636,87.68181818,86.75,85.81818182,84.88636364,83.95454545,83.02272727,82.09090909,81.15909091,80.22727273,79.29545455,78.36363636,77.43181818,76.5,51,51,51,51,51,51,51,51,51,51
51,66,98,116,136,128,128,128,128,128,140,124,123,120,118,116,115,112,110,108,106,104,102,101,99,99,97,96,94,94,94,91,91,90,89,88,87,86,85,84,83,83,82,83,82,82,82,82,82,82,83,83,83,84,84,84,84,85,85,86,86,86,87,87,88,88,88,90,89,89,90,91,90,92,92,93,93,94,94,95,95,95,96,96,97,98,97,98,98,99,99,99,100,99,100,100,100,101,101,101,101,101,101,102,101,102,102,102,102,103,102,103,101,102,102,103,102,102,102,102,102,102,102,102,102,101,101,102,101,100,100,101,100,100,100,100,100,100,100,100,99,99,100,99,99,99,99,99,98,99,98,99,98,99,97,98,98,96,95.11363636,94.22727273,93.34090909,92.45454545,91.56818182,90.68181818,89.79545455,88.90909091,88.02272727,87.13636364,86.25,85.36363636,84.47727273,83.59090909,82.70454545,81.81818182,80.93181818,80.04545455,79.15909091,78.27272727,77.38636364,76.5,51,51,51,51,51,51,51,51,51,51
51,71,102,120,130,128,128,128,128,128,125,123,121,121,119,115,114,112,109,108,105,103,102,100,100,97,97,95,95,93,93,92,91,89,88,88,86,85,85,84,84,82,82,82,81,81,81,82,82,82,82,83,83,83,84,84,85,85,85,86,86,86,87,87,87,88,88,89,89,90,90,90,91,92,92,93,93,93,95,95,96,96,95,97,97,97,98,98,98,98,99,99,99,100,100,100,100,100,101,101,101,101,101,101,101,101,102,102,102,102,102,102,101,103,101,102,102,102,102,102,102,102,102,102,102,102,101,102,102,101,101,101,101,101,100,100,100,100,100,101,100,99,99,99,99,99,100,99,99,99,98,99,98,99,98,98,98,97,97,96.06818182,95.13636364,94.20454545,93.27272727,92.34090909,91.40909091,90.47727273,89.54545455,88.61363636,87.68181818,86.75,85.81818182,84.88636364,83.95454545,83.02272727,82.09090909,81.15909091,80.22727273,79.29545455,78.36363636,77.43181818,76.5,51,51,51,51,51,51,51,51,51
51,76,106,125,127,127,127,127,127,117,124,124,122,120,117,116,114,112,109,107,105,103,102,100,98,97,96,95,94,93,93,91,90,89,88,87,86,85,84,83,82,81,82,81,81,81,82,83,82,82,83,82,83,83,83,84,84,84,85,85,86,86,87,87,87,88,88,89,89,90,90,90,91,91,92,93,93,93,95,94,95,95,96,96,96,96,97,98,98,98,99,99,100,100,101,100,100,100,101,101,101,101,101,101,101,101,101,102,101,102,101,101,102,102,102,102,102,102,102,103,102,102,101,102,102,101,101,102,101,102,101,101,100,101,100,101,100,101,100,100,101,100,100,101,100,100,99,99,99,100,99,99,99,98,98,98,99,98,98,97.02272727,96.04545455,95.06818182,94.09090909,93.11363636,92.13636364,91.15909091,90.18181818,89.20454545,88.22727273,87.25,86.27272727,85.29545455,84.31818182,83.34090909,82.36363636,81.38636364,80.40909091,79.43181818,78.45454545,77.47727273,76.5,51,51,51,51,51,51,51,51,51
51,79,109,129,127,127,127,127,127,118,125,123,121,120,117,116,113,111,109,107,104,103,101,100,99,96,96,94,94,93,91,91,90,89,88,87,86,84,83,82,83,82,81,81,83,81,82,81,82,83,82,83,83,83,84,84,84,85,85,85,86,86,87,87,88,88,88,88,88,90,90,91,91,92,92,93,93,94,94,94,95,96,96,96,97,96,98,97,98,99,99,98,99,99,100,100,101,101,100,101,99,101,102,102,102,102,102,101,102,102,101,102,101,101,102,102,102,102,102,101,103,102,102,102,101,102,102,102,101,101,101,102,101,101,101,101,100,100,100,100,101,100,100,100,100,100,99,100,100,100,100,99,99,99,99,99,99,99,98,97.02272727,96.04545455,95.06818182,94.09090909,93.11363636,92.13636364,91.15909091,90.18181818,89.20454545,88.22727273,87.25,86.27272727,85.29545455,84.31818182,83.34090909,82.36363636,81.38636364,80.40909091,79.43181818,78.45454545,77.47727273,76.5,51,51,51,51,51,51,51,51,51
51,83,110,130,127,127,127,127,127,122,125,124,122,120,117,116,113,111,109,107,105,102,101,99,98,97,96,94,94,93,92,90,90,88,87,86,85,84,83,82,82,82,81,82,81,81,82,82,83,82,82,82,83,83,83,84,84,83,85,85,85,85,87,87,87,88,88,88,89,90,90,90,91,91,92,92,92,93,93,95,94,95,96,97,96,97,97,98,98,99,99,99,99,99,99,100,100,101,100,100,101,101,101,102,102,101,102,101,102,102,102,102,102,102,103,103,102,102,103,102,102,102,102,103,101,102,102,101,102,102,102,101,101,101,102,101,101,101,101,101,100,101,100,101,100,101,100,100,101,100,99,100,99,100,100,99,99,99,99,97.97727273,96.95454545,95.93181818,94.90909091,93.88636364,92.86363636,91.84090909,90.81818182,89.79545455,88.77272727,87.75,86.72727273,85.70454545,84.68181818,83.65909091,82.63636364,81.61363636,80.59090909,79.56818182,78.54545455,77.52272727,76.5,51,51,51,51,51,51,51,51,51
51,85,111,128,127,127,127,127,127,133,126,124,122,120,118,114,113,110,108,107,105,102,101,100,99,97,96,94,94,93,92,91,89,88,87,85,85,84,83,83,82,82,82,81,82,81,81,82,82,82,83,82,83,83,83,84,84,84,84,86,86,86,86,87,87,87,88,89,89,90,90,90,91,91,92,92,93,93,94,94,94,95,95,96,96,97,97,97,99,98,99,98,99,100,100,100,100,100,101,101,101,101,101,102,102,102,102,102,102,102,103,102,102,102,103,102,103,103,102,103,103,102,102,101,102,102,102,102,102,102,101,102,102,101,102,101,101,101,102,102,101,101,101,101,101,101,101,101,101,100,101,100,101,100,100,100,100,101,100,100,98.93181818,97.86363636,96.79545455,95.72727273,94.65909091,93.59090909,92.52272727,91.45454545,90.38636364,89.31818182,88.25,87.18181818,86.11363636,85.04545455,83.97727273,82.90909091,81.84090909,80.77272727,79.70454545,78.63636364,77.56818182,76.5,51,51,51,51,51,51,51,51
51,86,112,132,128,128,128,128,128,133,125,123,122,119,117,115,113,111,108,107,104,102,101,99,98,96,95,94,94,92,92,90,89,87,87,85,85,84,83,82,82,81,81,81,81,82,82,82,82,82,83,83,83,83,83,83,84,84,85,84,85,86,87,87,87,88,87,89,89,90,90,90,91,91,92,93,93,93,94,94,95,95,96,96,97,97,97,98,98,98,99,99,99,99,99,100,101,100,100,101,101,101,102,102,102,102,101,101,102,102,103,103,102,103,102,102,102,103,103,102,102,102,103,102,103,102,102,102,102,102,102,102,102,102,102,102,102,102,101,102,101,103,101,102,101,102,102,101,101,101,101,101,101,101,101,101,101,100,100,100,98.93181818,97.86363636,96.79545455,95.72727273,94.65909091,93.59090909,92.52272727,91.45454545,90.38636364,89.31818182,88.25,87.18181818,86.11363636,85.04545455,83.97727273,82.90909091,81.84090909,80.77272727,79.70454545,78.63636364,77.56818182,76.5,51,51,51,51,51,51,51,51
51,87,112,132,128,128,128,128,128,136,126,123,121,119,118,115,113,111,109,106,104,102,101,100,98,97,95,95,93,93,92,90,89,88,87,86,85,84,84,82,82,82,81,81,82,81,82,82,82,83,83,82,82,83,83,84,84,84,85,85,85,85,87,87,87,87,88,88,89,90,90,90,92,92,92,92,92,94,95,94,95,95,95,96,96,97,97,98,98,98,98,99,99,99,100,100,101,101,100,101,102,101,101,102,102,102,103,102,102,102,102,102,102,103,103,103,103,103,103,103,103,103,103,103,103,103,102,103,102,103,103,103,103,103,103,102,102,102,102,103,102,102,102,102,102,102,102,101,102,101,100,102,101,101,102,101,101,101,101,101,99.88636364,98.77272727,97.65909091,96.54545455,95.43181818,94.31818182,93.20454545,92.09090909,90.97727273,89.86363636,88.75,87.63636364,86.52272727,85.40909091,84.29545455,83.18181818,82.06818182,80.95454545,79.84090909,78.72727273,77.61363636,76.5,51,51,51,51,51,51,51,51
51,86,112,132,128,128,128,128,128,126,125,124,121,119,117,115,114,111,109,107,104,102,101,100,98,97,96,94,94,93,91,90,90,88,86,86,86,84,83,82,82,82,81,81,82,81,82,82,81,82,82,83,83,83,83,84,84,84,84,85,86,86,86,87,88,88,88,88,89,90,90,91,91,91,92,93,93,94,94,94,95,95,96,96,96,96,98,97,98,98,99,99,99,100,100,101,100,101,101,101,102,102,102,101,102,101,102,103,103,103,103,103,103,102,103,103,103,103,104,104,103,104,104,103,104,104,103,103,103,103,103,103,103,103,102,104,103,103,103,103,103,102,103,103,103,102,102,102,102,102,102,102,102,102,102,102,101,102,102,101,99.88636364,98.77272727,97.65909091,96.54545455,95.43181818,94.31818182,93.20454545,92.09090909,90.97727273,89.86363636,88.75,87.63636364,86.52272727,85.40909091,84.29545455,83.18181818,82.06818182,80.95454545,79.84090909,78.72727273,77.61363636,76.5,51,51,51,51,51,51,51,51
51,85,111,129,128,128,128,128,128,120,126,124,122,120,118,115,113,111,109,107,105,103,101,99,99,97,96,95,93,94,91,90,90,88,87,87,85,84,83,83,82,82,82,81,82,81,82,82,82,82,82,82,84,84,84,83,84,84,84,85,86,86,87,87,88,88,88,88,89,90,90,90,91,92,92,93,93,94,95,94,95,95,96,96,97,97,98,99,97,99,99,100,100,100,100,100,101,102,101,101,102,102,102,102,102,102,103,103,102,103,103,103,104,104,103,103,103,104,104,104,103,103,104,104,104,103,104,104,103,104,104,104,104,103,104,103,104,104,104,103,103,103,103,103,103,103,103,103,103,104,103,103,103,103,103,102,102,102,102,101,99.88636364,98.77272727,97.65909091,96.54545455,95.43181818,94.31818182,93.20454545,92.09090909,90.97727273,89.86363636,88.75,87.63636364,86.52272727,85.40909091,84.29545455,83.18181818,82.06818182,80.95454545,79.84090909,78.72727273,77.61363636,76.5,51,51,51,51,51,51,51,51
51,81,109,130,128,128,128,128,128,121,126,125,123,120,118,116,113,111,110,107,105,103,102,101,99,98,96,95,94,93,92,91,89,88,87,85,85,84,83,83,82,82,82,82,81,82,82,83,83,83,82,83,83,84,84,84,84,85,85,85,86,86,87,87,88,88,89,89,89,90,90,91,92,91,92,93,93,94,94,95,95,95,96,96,97,97,98,98,99,99,99,99,100,100,101,101,101,102,102,102,102,103,102,103,103,103,103,104,103,104,104,104,104,104,104,103,105,105,105,105,104,104,104,105,104,104,104,104,104,105,105,104,105,104,105,104,104,104,104,104,104,104,103,105,104,104,104,104,103,103,104,103,103,104,103,103,103,103,103,102,100.8409091,99.68181818,98.52272727,97.36363636,96.20454545,95.04545455,93.88636364,92.72727273,91.56818182,90.40909091,89.25,88.09090909,86.93181818,85.77272727,84.61363636,83.45454545,82.29545455,81.13636364,79.97727273,78.81818182,77.65909091,76.5,51,51,51,51,51,51,51,51
51,78,106,124,124,124,124,124,124,130,126,124,123,121,118,117,114,111,109,107,106,103,102,101,99,98,97,95,95,94,92,91,90,88,88,85,84,84,83,83,83,83,83,82,82,82,82,81,82,82,82,83,83,83,83,83,84,85,85,86,87,86,87,87,88,88,89,89,89,91,91,91,91,92,93,92,94,94,94,95,95,96,96,97,97,97,99,99,99,99,99,100,99,100,101,101,101,101,102,102,103,103,103,103,103,103,103,103,103,104,104,104,104,105,105,104,105,105,105,105,105,106,104,106,105,106,105,105,106,105,106,105,104,105,105,105,106,105,104,105,106,105,106,105,105,104,104,104,105,104,105,105,104,104,104,103,104,104,104,103,101.7954545,100.5909091,99.38636364,98.18181818,96.97727273,95.77272727,94.56818182,93.36363636,92.15909091,90.95454545,89.75,88.54545455,87.34090909,86.13636364,84.93181818,83.72727273,82.52272727,81.31818182,80.11363636,78.90909091,77.70454545,76.5,51,51,51,51,51,51,51,51
51,74,103,125,125,125,120,125,125,122,126,128,123,121,119,117,115,112,110,107,106,104,101,101,100,99,96,95,96,94,94,93,91,89,88,87,86,84,84,83,83,83,82,82,82,82,82,83,82,83,82,83,83,84,83,84,84,85,85,85,86,87,87,87,88,89,89,89,90,90,91,91,92,92,93,94,93,94,95,95,95,96,97,97,98,98,98,99,99,99,101,100,101,101,102,101,102,102,102,102,102,103,103,103,103,104,104,104,105,106,105,105,105,106,105,105,105,105,106,106,106,106,106,106,106,106,106,106,107,106,106,106,106,106,106,106,106,106,106,106,105,106,106,106,106,105,106,106,106,106,105,105,104,106,105,105,105,105,105,105,103.7045455,102.4090909,101.1136364,99.81818182,98.52272727,97.22727273,95.93181818,94.63636364,93.34090909,92.04545455,90.75,89.45454545,88.15909091,86.86363636,85.56818182,84.27272727,82.97727273,81.68181818,80.38636364,79.09090909,77.79545455,76.5,51,51,51,51,51,51,51,51
51,70,100,122,125,125,125,125,125,119,124,127,123,122,119,117,115,112,110,109,107,104,103,101,100,98,98,97,95,95,93,92,91,90,89,88,86,85,85,84,83,83,82,82,82,81,82,82,82,83,83,83,83,84,84,84,84,85,86,86,86,86,87,87,88,88,89,89,90,91,90,91,92,92,94,94,94,94,95,95,95,96,97,97,98,98,99,99,100,100,101,101,101,101,102,102,102,103,103,102,104,103,104,104,105,104,105,104,106,105,106,105,105,106,106,106,106,107,106,107,107,107,107,107,107,107,107,107,107,107,107,107,108,107,108,108,107,108,107,107,108,107,108,107,107,107,107,107,106,106,106,107,106,106,106,106,106,105,107,106,104.6590909,103.3181818,101.9772727,100.6363636,99.29545455,97.95454545,96.61363636,95.27272727,93.93181818,92.59090909,91.25,89.90909091,88.56818182,87.22727273,85.88636364,84.54545455,83.20454545,81.86363636,80.52272727,79.18181818,77.84090909,76.5,51,51,51,51,51,51,51,51
51,66,96,114,132,132,132,132,132,132,122,125,124,123,120,118,115,113,111,110,108,105,103,102,101,100,98,97,96,94,94,93,92,91,91,88,87,86,85,84,83,83,83,83,83,82,83,83,83,83,83,83,84,84,84,85,84,85,85,86,87,87,87,88,88,88,90,90,90,91,91,92,92,92,94,94,95,95,95,95,96,97,97,98,98,99,98,100,100,100,101,101,102,101,102,103,102,103,104,104,104,105,105,105,105,106,106,105,106,106,106,107,107,107,108,107,107,107,107,107,107,108,107,109,108,108,108,108,109,108,107,108,108,109,108,108,108,109,108,108,109,109,108,108,108,108,108,108,108,108,107,107,107,109,108,107,107,108,107,107,105.6136364,104.2272727,102.8409091,101.4545455,100.0681818,98.68181818,97.29545455,95.90909091,94.52272727,93.13636364,91.75,90.36363636,88.97727273,87.59090909,86.20454545,84.81818182,83.43181818,82.04545455,80.65909091,79.27272727,77.88636364,76.5,51,51,51,51,51,51,51,51
51,62,90,109,129,129,129,129,129,129,120,125,127,123,120,118,117,114,112,110,108,105,105,103,101,101,99,97,97,95,94,93,93,92,90,90,88,88,86,85,84,84,84,84,83,83,84,83,83,83,83,83,84,84,84,85,85,86,86,86,86,87,87,88,88,88,90,90,90,92,92,92,93,93,94,94,95,96,96,97,97,97,98,98,98,99,100,100,101,101,102,102,102,102,102,103,103,104,105,104,105,105,105,106,106,106,106,107,107,107,107,108,108,107,107,108,108,108,108,108,108,108,108,109,109,109,109,108,109,109,110,109,110,109,110,110,109,110,109,109,110,109,109,109,109,109,109,109,108,108,109,109,109,109,108,108,108,108,108,107,105.6136364,104.2272727,102.8409091,101.4545455,100.0681818,98.68181818,97.29545455,95.90909091,94.52272727,93.13636364,91.75,90.36363636,88.97727273,87.59090909,86.20454545,84.81818182,83.43181818,82.04545455,80.65909091,79.27272727,77.88636364,76.5,51,51,51,51,51,51,51,51
51,60,82,103,128,128,128,128,120,128,120,123,126,125,122,120,117,115,112,110,109,107,105,103,102,101,99,98,97,96,95,94,93,93,91,90,90,88,88,86,86,85,85,84,84,84,83,84,84,83,83,83,84,84,85,85,86,86,86,87,87,87,87,88,88,90,89,90,90,91,92,93,93,93,95,95,95,95,96,97,97,98,98,99,99,99,101,100,102,101,103,102,103,103,103,104,104,105,105,105,106,105,106,107,107,107,107,107,107,108,108,108,108,108,109,109,109,109,109,110,109,110,110,110,109,110,110,109,110,110,110,110,110,110,110,110,110,111,110,110,111,110,110,111,110,110,111,111,110,110,110,110,110,109,109,109,108,109,109,109,107.5227273,106.0454545,104.5681818,103.0909091,101.6136364,100.1363636,98.65909091,97.18181818,95.70454545,94.22727273,92.75,91.27272727,89.79545455,88.31818182,86.84090909,85.36363636,83.88636364,82.40909091,80.93181818,79.45454545,77.97727273,76.5,51,51,51,51,51,51,51,51
51,58,74,97,115,131,131,131,131,131,131,120,126,127,122,120,118,116,114,112,110,107,106,104,102,102,100,100,98,98,96,96,95,93,92,91,91,89,89,88,87,86,85,85,84,85,84,84,83,84,84,84,85,85,85,85,85,86,87,86,87,87,87,89,89,89,90,91,91,91,92,93,93,94,95,95,96,96,98,97,98,98,99,99,100,100,101,101,102,103,103,103,103,104,104,104,104,106,106,106,106,107,107,108,107,108,108,108,109,109,109,109,109,109,110,111,109,111,110,110,111,110,111,111,110,111,110,111,111,110,111,111,111,111,112,111,111,112,112,112,111,111,112,111,111,111,111,111,111,111,111,111,111,110,110,111,109,110,110,110,108.4772727,106.9545455,105.4318182,103.9090909,102.3863636,100.8636364,99.34090909,97.81818182,96.29545455,94.77272727,93.25,91.72727273,90.20454545,88.68181818,87.15909091,85.63636364,84.11363636,82.59090909,81.06818182,79.54545455,78.02272727,76.5,51,51,51,51,51,51,51,51
51,56,64,88,108,129,129,129,129,129,129,129,123,125,124,121,118,117,115,113,111,109,107,106,104,103,101,99,100,97,97,97,95,94,94,92,92,91,90,89,88,87,87,86,85,85,84,85,85,85,85,85,85,85,85,86,86,87,87,87,87,88,89,89,89,90,90,91,92,91,92,93,95,94,95,96,96,97,97,97,99,99,99,101,101,101,101,102,102,103,103,103,104,105,104,106,106,106,106,107,107,108,108,109,109,109,109,109,110,109,110,110,110,110,110,111,111,112,111,111,111,111,111,111,112,112,113,113,112,112,113,112,112,112,113,112,112,113,112,113,112,113,113,112,112,112,112,112,112,113,112,112,112,111,111,111,111,111,111,111,109.4318182,107.8636364,106.2954545,104.7272727,103.1590909,101.5909091,100.0227273,98.45454545,96.88636364,95.31818182,93.75,92.18181818,90.61363636,89.04545455,87.47727273,85.90909091,84.34090909,82.77272727,81.20454545,79.63636364,78.06818182,76.5,51,51,51,51,51,51,51,51
51,54,61,78,100,118,129,129,129,129,129,118,120,124,125,123,121,118,115,114,113,110,109,108,104,104,102,101,100,99,98,97,96,95,94,94,93,91,91,90,90,89,88,88,87,87,86,87,85,86,86,86,86,87,87,87,87,87,87,88,88,89,88,90,90,91,91,91,92,93,93,94,94,95,95,96,97,97,99,98,100,100,100,101,101,102,102,103,103,103,104,104,105,105,105,107,106,107,107,108,109,109,109,109,109,109,110,111,111,111,112,111,112,112,112,112,112,112,112,112,112,113,113,113,113,113,113,113,113,113,114,113,114,114,114,114,114,114,114,114,113,113,114,113,114,114,113,114,113,112,113,113,113,113,112,113,112,112,112,112,110.3863636,108.7727273,107.1590909,105.5454545,103.9318182,102.3181818,100.7045455,99.09090909,97.47727273,95.86363636,94.25,92.63636364,91.02272727,89.40909091,87.79545455,86.18181818,84.56818182,82.95454545,81.34090909,79.72727273,78.11363636,76.5,51,51,51,51,51,51,51,51
51,53,58,67,90,110,130,130,130,130,130,123,123,123,123,126,121,119,117,116,114,111,109,109,106,106,104,102,101,101,99,98,98,96,95,95,94,94,92,92,91,90,90,89,88,88,88,87,88,87,87,86,87,86,87,87,87,88,88,88,89,89,89,90,90,91,91,92,92,93,94,95,95,96,96,96,97,98,98,99,100,101,100,101,102,102,102,104,105,105,105,105,106,107,107,107,108,109,109,109,109,110,110,110,111,111,111,111,112,112,113,112,112,113,112,113,113,114,114,114,114,114,115,114,114,115,115,114,115,116,115,115,114,115,115,115,115,115,115,115,114,115,115,115,115,115,115,115,114,115,114,114,114,114,113,114,114,114,113,113,111.3409091,109.6818182,108.0227273,106.3636364,104.7045455,103.0454545,101.3863636,99.72727273,98.06818182,96.40909091,94.75,93.09090909,91.43181818,89.77272727,88.11363636,86.45454545,84.79545455,83.13636364,81.47727273,79.81818182,78.15909091,76.5,51,51,51,51,51,51,51,51
51,52,55,61,78,100,130,130,130,130,130,123,123,123,123,123,125,120,119,116,115,113,111,110,108,107,105,104,102,103,101,99,99,98,97,96,96,94,94,94,92,92,92,91,90,90,90,89,89,89,88,89,89,88,89,88,88,89,89,89,90,90,90,90,91,92,92,92,93,94,94,95,96,96,97,97,98,98,99,100,101,101,102,102,103,103,104,104,105,106,106,106,107,107,109,109,110,109,109,110,111,110,111,111,112,112,113,113,113,114,114,113,114,114,114,115,115,115,115,115,115,115,116,115,115,116,115,116,116,116,116,116,116,116,116,117,116,117,117,117,116,116,116,117,116,116,116,116,116,115,116,116,115,116,116,116,115,115,114,114,112.2954545,110.5909091,108.8863636,107.1818182,105.4772727,103.7727273,102.0681818,100.3636364,98.65909091,96.95454545,95.25,93.54545455,91.84090909,90.13636364,88.43181818,86.72727273,85.02272727,83.31818182,81.61363636,79.90909091,78.20454545,76.5,51,51,51,51,51,51,51,51
51,51,54,57,65,88,107,127,127,127,127,123,123,123,123,122,124,124,120,118,117,115,113,112,110,109,107,106,104,103,102,101,100,99,99,98,97,96,95,95,95,94,93,93,93,91,91,90,91,90,90,90,90,90,90,90,90,90,91,91,91,91,91,92,92,92,94,93,94,94,95,96,96,97,98,98,99,99,100,100,102,101,102,104,104,105,105,105,107,107,107,109,108,109,109,110,110,111,111,111,112,112,113,112,114,114,114,114,114,115,115,115,115,115,116,116,117,116,116,117,117,117,117,117,117,118,117,118,118,118,118,118,118,118,119,118,117,118,118,118,118,118,119,118,118,118,117,117,116,117,117,117,117,117,117,116,116,116,116,114.2045455,112.4090909,110.6136364,108.8181818,107.0227273,105.2272727,103.4318182,101.6363636,99.84090909,98.04545455,96.25,94.45454545,92.65909091,90.86363636,89.06818182,87.27272727,85.47727273,83.68181818,81.88636364,80.09090909,78.29545455,76.5,51,51,51,51,51,51,51,51,51
51,51,52,55,59,73,94,113,118,127,127,123,123,123,123,120,123,124,121,120,118,117,115,114,112,111,109,107,107,104,104,102,102,101,100,100,99,98,97,97,96,96,95,95,94,94,93,93,92,93,92,92,92,92,92,92,91,92,92,92,93,92,94,93,94,94,94,95,95,95,96,97,97,98,99,99,100,101,101,101,102,102,104,104,106,106,106,107,107,108,109,109,110,110,111,111,111,112,112,113,113,114,114,114,115,114,115,116,116,116,116,116,117,117,118,118,118,118,117,118,118,118,119,119,119,119,119,119,119,119,119,120,119,119,119,119,120,119,119,119,120,119,119,119,119,120,119,119,118,119,118,118,118,119,118,118,118,117,117,115.1590909,113.3181818,111.4772727,109.6363636,107.7954545,105.9545455,104.1136364,102.2727273,100.4318182,98.59090909,96.75,94.90909091,93.06818182,91.22727273,89.38636364,87.54545455,85.70454545,83.86363636,82.02272727,80.18181818,78.34090909,76.5,51,51,51,51,51,51,51,51,51
51,51,51,52,56,62,79,99,123,127,127,123,123,123,123,120,122,123,125,121,119,118,117,115,113,112,111,110,108,107,105,104,104,103,101,101,101,100,99,98,98,97,97,96,96,96,95,95,95,94,94,94,94,94,93,94,93,94,94,94,94,94,94,95,96,96,96,96,97,97,97,98,99,99,100,101,102,101,102,103,103,104,105,106,106,107,108,108,109,109,110,110,111,111,111,112,113,113,114,114,115,115,116,116,116,117,116,117,118,118,118,118,119,118,118,119,119,119,119,119,119,119,120,120,120,121,120,120,121,120,120,120,121,121,120,121,121,121,121,121,121,121,121,121,121,120,120,120,119,120,121,120,120,120,118,119,118,118,118,116.1136364,114.2272727,112.3409091,110.4545455,108.5681818,106.6818182,104.7954545,102.9090909,101.0227273,99.13636364,97.25,95.36363636,93.47727273,91.59090909,89.70454545,87.81818182,85.93181818,84.04545455,82.15909091,80.27272727,78.38636364,76.5,51,51,51,51,51,51,51,51,51
51,51,51,51,53,56,63,82,102,123,127,123,123,123,123,117,120,121,123,125,122,120,118,117,116,115,113,112,110,109,108,107,105,104,103,102,102,101,101,100,100,99,99,98,98,98,97,97,97,96,97,97,96,96,96,96,96,96,97,96,96,97,97,98,97,98,99,98,99,99,99,100,101,101,102,102,102,103,104,104,105,106,106,107,107,109,109,109,110,111,111,112,112,113,113,114,114,116,115,116,116,116,118,118,118,119,119,119,119,120,120,120,121,120,121,120,121,122,121,121,121,121,122,122,122,122,122,122,122,123,122,122,122,123,122,123,122,123,123,122,123,123,122,122,122,123,122,122,122,121,122,121,122,121,121,119,120,121,118.9772727,116.9545455,114.9318182,112.9090909,110.8863636,108.8636364,106.8409091,104.8181818,102.7954545,100.7727273,98.75,96.72727273,94.70454545,92.68181818,90.65909091,88.63636364,86.61363636,84.59090909,82.56818182,80.54545455,78.52272727,76.5,51,51,51,51,51,51,51,51,51,51
51,51,51,51,51,54,57,65,85,103,120,120,120,120,120,120,118,121,121,123,125,122,121,120,117,117,115,114,113,111,110,109,108,107,106,104,103,103,102,102,101,101,101,101,100,99,99,99,99,98,99,99,99,98,98,99,99,99,99,99,100,99,99,100,100,100,100,101,100,101,101,102,102,103,104,103,104,105,105,106,107,108,108,109,109,110,111,111,112,112,112,113,114,114,115,115,117,117,117,118,118,118,119,120,119,120,119,121,121,120,122,122,122,122,122,122,123,122,123,123,123,123,124,122,124,123,123,124,124,124,124,124,125,124,124,124,125,124,123,124,123,123,124,123,124,124,123,124,123,123,122,123,122,122,122,122,121,121,118.9772727,116.9545455,114.9318182,112.9090909,110.8863636,108.8636364,106.8409091,104.8181818,102.7954545,100.7727273,98.75,96.72727273,94.70454545,92.68181818,90.65909091,88.63636364,86.61363636,84.59090909,82.56818182,80.54545455,78.52272727,76.5,51,51,51,51,51,51,51,51,51,51
51,51,51,51,51,52,54,57,65,84,102,123,120,120,120,120,118,118,118,120,122,123,124,122,120,119,118,116,115,113,113,111,110,109,108,106,106,106,104,103,103,103,102,102,102,102,102,101,102,101,101,100,101,101,101,101,101,101,101,102,102,102,102,102,102,103,103,103,104,104,104,105,105,105,106,107,106,107,107,108,109,109,110,110,111,111,111,112,113,114,114,115,116,117,117,117,118,118,119,120,120,120,120,120,121,122,122,123,123,123,123,124,124,124,124,124,125,125,124,125,125,125,125,126,125,126,125,125,126,126,126,126,127,125,126,126,125,125,125,126,126,126,126,126,125,125,126,125,125,125,125,124,123,124,123,123,123,120.8863636,118.7727273,116.6590909,114.5454545,112.4318182,110.3181818,108.2045455,106.0909091,103.9772727,101.8636364,99.75,97.63636364,95.52272727,93.40909091,91.29545455,89.18181818,87.06818182,84.95454545,82.84090909,80.72727273,78.61363636,76.5,51,51,51,51,51,51,51,51,51,51,51
51,51,51,51,51,51,52,54,57,65,83,101,120,120,120,120,118,118,118,120,119,121,124,125,122,121,120,118,117,116,115,113,113,111,109,109,108,107,106,106,106,105,105,104,103,103,103,104,103,103,103,103,102,103,104,103,103,104,104,103,104,105,105,105,106,106,106,107,107,108,107,108,108,108,109,109,109,110,110,111,111,111,112,113,113,113,114,115,115,116,116,117,117,118,119,119,120,120,121,122,122,122,123,123,123,123,124,125,124,125,125,125,126,126,126,126,126,126,127,127,127,128,127,128,128,127,127,127,127,128,128,127,128,127,127,128,127,128,127,128,127,127,127,127,127,126,128,126,126,126,126,126,126,126,125,125,125,122.7954545,120.5909091,118.3863636,116.1818182,113.9772727,111.7727273,109.5681818,107.3636364,105.1590909,102.9545455,100.75,98.54545455,96.34090909,94.13636364,91.93181818,89.72727273,87.52272727,85.31818182,83.11363636,80.90909091,78.70454545,76.5,51,51,51,51,51,51,51,51,51,51,51
51,51,51,51,51,51,51,51,54,57,64,80,100,120,120,120,118,118,118,118,120,120,120,123,125,124,121,121,119,118,117,116,115,114,112,111,111,109,109,109,108,107,107,107,106,106,105,106,106,105,106,105,105,105,105,106,105,106,106,106,107,107,107,108,108,109,109,110,110,110,111,111,112,111,111,112,113,113,112,112,114,115,114,115,115,116,116,117,117,118,118,119,119,119,120,121,122,122,122,123,124,124,124,124,125,125,126,126,125,127,127,127,127,128,127,128,128,128,128,129,129,128,129,129,129,128,130,129,129,130,130,129,129,130,129,130,129,129,130,130,129,129,129,128,129,128,129,128,129,128,127,127,127,127,127,126,125,122.7954545,120.5909091,118.3863636,116.1818182,113.9772727,111.7727273,109.5681818,107.3636364,105.1590909,102.9545455,100.75,98.54545455,96.34090909,94.13636364,91.93181818,89.72727273,87.52272727,85.31818182,83.11363636,80.90909091,78.70454545,76.5,51,51,51,51,51,51,51,51,51,51,51
51,51,51,51,51,51,51,51,51,53,56,61,76,94,120,120,118,118,118,115,118,120,119,119,120,123,125,124,122,120,119,118,116,116,115,114,113,112,112,111,110,110,110,109,108,108,108,108,108,108,108,107,108,108,108,109,108,108,109,110,110,110,111,111,111,112,113,113,112,114,114,114,114,115,116,115,116,116,117,117,118,119,118,119,119,119,119,119,120,121,121,121,122,123,123,124,124,124,125,125,126,125,127,127,128,128,128,129,129,129,129,129,129,129,130,130,130,131,130,132,131,131,130,131,131,132,131,131,132,131,132,132,131,132,131,132,131,131,131,132,131,131,131,131,130,130,131,130,130,130,129,129,129,129,128,128,125.6590909,123.3181818,120.9772727,118.6363636,116.2954545,113.9545455,111.6136364,109.2727273,106.9318182,104.5909091,102.25,99.90909091,97.56818182,95.22727273,92.88636364,90.54545455,88.20454545,85.86363636,83.52272727,81.18181818,78.84090909,76.5,51,51,51,51,51,51,51,51,51,51,51,51
51,51,51,51,51,51,51,51,51,51,53,55,59,70,88,104,118,118,118,116,116,117,120,119,118,119,122,124,125,123,121,119,119,118,117,116,115,114,114,113,113,112,111,111,110,110,111,110,110,110,110,110,110,110,111,111,111,111,111,112,112,113,113,114,114,114,115,116,116,116,116,117,118,118,119,119,119,120,120,121,121,121,121,122,122,122,123,123,123,123,124,124,126,125,125,126,126,127,127,127,129,128,128,129,129,130,130,130,131,132,131,131,131,132,132,132,133,133,133,133,133,133,133,134,134,133,133,134,133,134,134,134,133,134,133,134,133,134,133,133,133,133,132,134,132,132,132,132,131,132,131,131,131,130,131,130,127.5681818,125.1363636,122.7045455,120.2727273,117.8409091,115.4090909,112.9772727,110.5454545,108.1136364,105.6818182,103.25,100.8181818,98.38636364,95.95454545,93.52272727,91.09090909,88.65909091,86.22727273,83.79545455,81.36363636,78.93181818,76.5,51,51,51,51,51,51,51,51,51,51,51,51
51,51,51,51,51,51,51,51,51,51,51,52,54,57,64,79,94,111,110,113,116,115,114,117,119,119,118,120,124,126,124,122,122,120,119,119,117,117,116,116,114,114,114,114,113,113,113,113,113,112,112,113,112,114,114,113,114,114,114,114,115,115,116,116,117,117,118,119,118,119,120,120,121,121,122,122,122,123,123,124,124,125,125,125,125,126,126,126,126,127,127,127,128,128,128,129,129,130,129,130,131,131,131,132,131,132,132,133,133,133,133,133,134,134,134,135,136,135,136,136,135,136,135,136,136,136,136,135,136,136,135,136,136,137,136,136,136,136,136,135,135,135,134,135,134,134,135,134,134,134,133,133,133,132,132,129.4772727,126.9545455,124.4318182,121.9090909,119.3863636,116.8636364,114.3409091,111.8181818,109.2954545,106.7727273,104.25,101.7272727,99.20454545,96.68181818,94.15909091,91.63636364,89.11363636,86.59090909,84.06818182,81.54545455,79.02272727,76.5,51,51,51,51,51,51,51,51,51,51,51,51,51
51,51,51,51,51,51,51,51,51,51,51,51,52,53,56,59,68,84,101,107,112,115,116,116,116,120,120,119,119,122,125,126,125,122,121,121,120,119,118,117,117,117,116,116,116,115,115,115,115,115,115,115,115,115,116,116,116,116,117,117,118,119,119,119,120,120,120,121,121,122,123,123,124,124,124,125,125,126,126,127,127,127,128,128,128,128,129,129,130,129,130,130,130,131,131,131,132,132,133,133,133,133,133,134,135,135,135,136,135,136,136,136,135,137,137,137,138,137,137,138,138,138,138,138,138,139,138,138,138,139,138,139,139,138,137,138,138,138,137,138,137,137,137,137,136,137,137,135,135,135,135,135,134,133,133,130.4318182,127.8636364,125.2954545,122.7272727,120.1590909,117.5909091,115.0227273,112.4545455,109.8863636,107.3181818,104.75,102.1818182,99.61363636,97.04545455,94.47727273,91.90909091,89.34090909,86.77272727,84.20454545,81.63636364,79.06818182,76.5,51,51,51,51,51,51,51,51,51,51,51,51,51
51,51,51,51,51,51,51,51,51,51,51,51,51,51,52,54,56,61,72,87,103,109,113,115,116,115,116,119,120,120,121,124,125,125,124,123,121,121,120,120,119,119,118,118,117,118,117,117,117,117,117,117,118,118,118,118,119,119,119,120,121,121,121,122,123,123,123,124,125,125,126,126,127,127,127,128,128,129,129,130,130,131,130,132,131,131,131,132,132,133,133,133,133,134,134,135,134,134,136,135,136,136,137,137,137,137,138,138,138,138,138,138,139,139,139,140,140,141,141,140,141,140,140,141,141,140,141,141,141,141,140,141,140,141,140,140,140,140,139,140,138,139,139,139,138,138,138,137,137,137,137,136,136,136,133.2954545,130.5909091,127.8863636,125.1818182,122.4772727,119.7727273,117.0681818,114.3636364,111.6590909,108.9545455,106.25,103.5454545,100.8409091,98.13636364,95.43181818,92.72727273,90.02272727,87.31818182,84.61363636,81.90909091,79.20454545,76.5,51,51,51,51,51,51,51,51,51,51,51,51,51,51
51,51,51,51,51,51,51,51,51,51,51,51,51,51,51,51,52,54,57,63,73,88,101,110,113,115,115,115,116,120,121,122,123,125,126,126,124,123,122,121,122,120,120,120,119,119,120,120,119,119,120,119,120,120,120,121,121,122,122,123,123,123,124,124,125,126,127,127,127,127,129,129,129,130,130,130,131,132,132,132,133,133,133,134,134,134,135,135,135,136,135,136,136,136,137,137,137,137,138,138,138,139,138,139,140,140,141,141,141,141,142,141,142,142,142,143,142,142,142,143,142,143,143,143,143,144,144,143,143,143,143,143,143,143,143,142,142,142,142,141,142,142,141,141,141,140,140,140,139,139,139,138,138,135.2045455,132.4090909,129.6136364,126.8181818,124.0227273,121.2272727,118.4318182,115.6363636,112.8409091,110.0454545,107.25,104.4545455,101.6590909,98.86363636,96.06818182,93.27272727,90.47727273,87.68181818,84.88636364,82.09090909,79.29545455,76.5,51,51,51,51,51,51,51,51,51,51,51,51,51,51,51
51,51,51,51,51,51,51,51,51,51,51,51,51,51,51,51,51,51,52,54,57,62,71,84,99,110,113,114,116,120,122,122,122,122,124,125,126,126,125,124,123,122,122,121,122,121,121,122,122,122,122,121,122,123,123,123,123,124,124,125,125,126,127,128,128,129,129,129,130,131,131,131,132,132,133,133,134,134,135,135,135,136,136,136,137,137,137,137,138,138,138,138,139,139,139,140,140,141,141,141,141,142,142,142,142,143,141,143,144,144,143,144,145,145,145,145,145,145,145,145,145,146,145,146,146,146,145,146,146,146,146,146,145,145,146,145,145,145,145,144,144,144,144,143,143,142,142,142,141,141,141,140,137.1136364,134.2272727,131.3409091,128.4545455,125.5681818,122.6818182,119.7954545,116.9090909,114.0227273,111.1363636,108.25,105.3636364,102.4772727,99.59090909,96.70454545,93.81818182,90.93181818,88.04545455,85.15909091,82.27272727,79.38636364,76.5,51,51,51,51,51,51,51,51,51,51,51,51,51,51,51,51
51,51,51,51,51,51,51,51,51,51,51,51,51,51,51,51,51,51,51,51,52,54,57,60,68,79,92,108,113,114,118,121,123,122,123,123,123,125,126,127,126,126,124,124,124,124,124,123,124,124,125,124,125,125,125,125,126,127,128,127,128,128,130,130,130,131,131,132,132,133,134,135,135,135,136,137,137,137,137,137,138,138,139,140,138,139,139,140,140,141,141,142,141,142,143,143,143,144,144,144,144,144,145,145,146,146,146,146,147,147,146,147,147,147,147,148,148,148,148,148,149,148,149,149,149,148,148,148,148,149,148,148,148,148,148,148,147,147,146,146,147,146,145,146,145,145,144,144,143,143,139.9772727,136.9545455,133.9318182,130.9090909,127.8863636,124.8636364,121.8409091,118.8181818,115.7954545,112.7727273,109.75,106.7272727,103.7045455,100.6818182,97.65909091,94.63636364,91.61363636,88.59090909,85.56818182,82.54545455,79.52272727,76.5,51,51,51,51,51,51,51,51,51,51,51,51,51,51,51,51,51,51
51,51,51,51,51,51,51,51,51,51,51,51,51,51,51,51,51,51,51,51,51,51,52,54,55,58,63,72,83,99,111,113,114,118,121,122,122,122,123,123,125,126,126,127,127,125,125,126,126,127,126,126,127,127,128,128,129,129,130,130,130,132,132,133,133,134,134,134,135,136,136,137,137,138,138,139,139,140,140,141,141,141,142,141,142,142,142,143,143,143,144,144,145,145,144,146,146,147,147,147,147,147,148,149,148,149,151,151,151,149,151,151,151,151,151,151,151,151,151,151,151,151,151,151,152,152,152,152,151,152,151,151,151,151,151,151,151,151,151,149,149,149,147,147,147,147,147,146,142.8409091,139.6818182,136.5227273,133.3636364,130.2045455,127.0454545,123.8863636,120.7272727,117.5681818,114.4090909,111.25,108.0909091,104.9318182,101.7727273,98.61363636,95.45454545,92.29545455,89.13636364,85.97727273,82.81818182,79.65909091,76.5,51,51,51,51,51,51,51,51,51,51,51,51,51,51,51,51,51,51,51,51
51,51,51,51,51,51,51,51,51,51,51,51,51,51,51,51,51,51,51,51,51,51,51,51,51,53,54,56,58,64,70,83,105,113,113,116,117,121,122,122,122,122,123,126,127,129,128,129,130,129,129,130,130,131,131,130,131,131,132,132,133,134,134,135,136,136,136,137,138,138,139,139,140,141,141,141,142,142,142,143,143,144,144,144,144,145,145,145,146,147,146,147,147,148,148,148,149,149,151,151,151,151,151,152,151,152,152,152,153,153,153,153,153,153,153,153,153,154,154,154,155,155,152,153,154,154,154,153,154,154,154,154,153,153,153,153,153,152,152,152,151,151,151,151,151,149,149,145.7045455,142.4090909,139.1136364,135.8181818,132.5227273,129.2272727,125.9318182,122.6363636,119.3409091,116.0454545,112.75,109.4545455,106.1590909,102.8636364,99.56818182,96.27272727,92.97727273,89.68181818,86.38636364,83.09090909,79.79545455,76.5,51,51,51,51,51,51,51,51,51,51,51,51,51,51,51,51,51,51,51,51,51
51,51,51,51,51,51,51,51,51,51,51,51,51,51,51,51,51,51,51,51,51,51,51,51,51,51,51,51,51,51,55,57,59,65,73,96,110,114,115,117,120,120,121,121,122,124,125,126,127,129,131,132,132,133,134,134,136,136,137,136,138,138,137,138,138,139,140,140,141,142,141,142,143,143,144,144,144,145,145,146,146,146,147,147,147,148,148,149,149,149,149,151,151,151,152,151,152,152,152,153,154,153,154,155,155,154,155,155,156,156,157,156,156,156,156,157,158,157,157,157,157,156,157,157,157,157,157,157,157,156,156,156,156,156,155,156,155,155,155,154,154,153,153,152,152,148.5681818,145.1363636,141.7045455,138.2727273,134.8409091,131.4090909,127.9772727,124.5454545,121.1136364,117.6818182,114.25,110.8181818,107.3863636,103.9545455,100.5227273,97.09090909,93.65909091,90.22727273,86.79545455,83.36363636,79.93181818,76.5,51,51,51,51,51,51,51,51,51,51,51,51,51,51,51,51,51,51,51,51,51,51,51
51,51,51,51,51,51,51,51,51,51,51,51,51,51,51,51,51,51,51,51,51,51,51,51,51,51,51,51,51,51,51,52,53,54,55,56,58,61,66,78,92,113,115,117,118,119,121,122,123,124,126,127,128,130,131,133,135,136,137,138,139,140,142,141,142,143,142,143,143,144,144,144,145,146,146,146,147,147,148,147,149,149,149,151,151,151,151,152,151,153,153,153,153,155,154,155,155,156,156,156,157,157,157,158,158,158,159,159,159,159,159,160,161,163,163,163,163,163,163,163,162,162,161,160,159,160,160,159,160,159,159,159,159,159,158,158,158,157,157,157,156,156,155,155,151.4318182,147.8636364,144.2954545,140.7272727,137.1590909,133.5909091,130.0227273,126.4545455,122.8863636,119.3181818,115.75,112.1818182,108.6136364,105.0454545,101.4772727,97.90909091,94.34090909,90.77272727,87.20454545,83.63636364,80.06818182,76.5,51,51,51,51,51,51,51,51,51,51,51,51,51,51,51,51,51,51,51,51,51,51,51,51
51,51,51,51,51,51,51,51,51,51,51,51,51,51,51,51,51,51,51,51,51,51,51,51,51,51,51,51,51,51,51,51,51,51,51,52,52,53,52,52,54,56,58,62,72,86,107,116,118,120,120,120,123,124,126,128,130,132,133,134,135,137,139,140,142,144,145,146,147,147,147,148,149,149,149,149,151,151,151,151,151,152,152,153,153,154,154,155,155,155,156,156,158,157,158,158,159,159,159,159,160,160,161,160,161,161,162,163,165,165,166,166,166,166,166,166,166,166,166,167,167,166,167,166,166,165,165,162,163,162,163,162,162,161,162,160,161,160,159,161,163,159.0681818,155.1363636,151.2045455,147.2727273,143.3409091,139.4090909,135.4772727,131.5454545,127.6136364,123.6818182,119.75,115.8181818,111.8863636,107.9545455,104.0227273,100.0909091,96.15909091,92.22727273,88.29545455,84.36363636,80.43181818,76.5,51,51,51,51,51,51,51,51,51,51,51,51,51,51,51,51,51,51,51,51,51,51,51,51,51,51,51
51,51,51,51,51,51,51,51,51,51,51,51,51,51,51,51,51,51,51,51,51,51,51,51,51,51,51,51,51,51,51,51,51,51,51,51,51,51,51,51,51,52,52,53,53,54,55,55,57,62,75,88,103,118,120,122,123,124,124,126,127,129,132,136,139,140,142,144,145,147,149,151,151,151,152,152,153,153,154,154,154,155,155,156,156,156,157,157,159,159,159,160,160,161,161,161,161,162,162,163,164,163,164,165,166,168,167,168,167,167,166,166,166,165,165,165,165,165,166,165,166,167,167,168,168,168,169,168,169,168,167,166,166,165,164,164,164,164,164,160.0227273,156.0454545,152.0681818,148.0909091,144.1136364,140.1363636,136.1590909,132.1818182,128.2045455,124.2272727,120.25,116.2727273,112.2954545,108.3181818,104.3409091,100.3636364,96.38636364,92.40909091,88.43181818,84.45454545,80.47727273,76.5,51,51,51,51,51,51,51,51,51,51,51,51,51,51,51,51,51,51,51,51,51,51,51,51,51,51,51,51,51
51,51,51,51,51,51,51,51,51,51,51,51,51,51,51,51,51,51,51,51,51,51,51,51,51,51,51,51,51,51,51,51,51,51,51,51,51,51,51,51,51,51,51,51,51,51,51,52,52,52,53,53,54,54,56,57,63,75,89,106,119,125,127,128,129,131,132,134,135,138,140,145,147,149,151,152,154,155,156,157,158,158,158,160,160,161,161,162,163,163,164,164,164,164,166,165,166,166,167,167,169,168,169,169,169,168,167,167,167,167,167,167,167,167,167,166,167,167,166,167,166,167,167,167,167,167,168,168,169,169,169,169,169,169,168,168,167,167,167,162.8863636,158.7727273,154.6590909,150.5454545,146.4318182,142.3181818,138.2045455,134.0909091,129.9772727,125.8636364,121.75,117.6363636,113.5227273,109.4090909,105.2954545,101.1818182,97.06818182,92.95454545,88.84090909,84.72727273,80.61363636,76.5,51,51,51,51,51,51,51,51,51,51,51,51,51,51,51,51,51,51,51,51,51,51,51,51,51,51,51,51,51
51,51,51,51,51,51,51,51,51,51,51,51,51,51,51,51,51,51,51,51,51,51,51,51,51,51,51,51,51,51,51,51,51,51,51,51,51,51,51,51,51,51,51,51,51,51,51,51,51,51,51,51,51,51,52,52,52,53,53,53,53,54,55,56,64,82,99,109,122,132,133,134,135,137,140,142,142,144,147,151,152,155,156,157,159,159,161,162,163,164,163,164,165,165,166,166,167,167,167,167,168,168,168,168,168,168,168,168,168,168,168,168,168,168,168,168,168,168,168,168,168,168,168,168,168,168,168,168,168,168,167,167,167,167,166,166,166,161.9318182,157.8636364,153.7954545,149.7272727,145.6590909,141.5909091,137.5227273,133.4545455,129.3863636,125.3181818,121.25,117.1818182,113.1136364,109.0454545,104.9772727,100.9090909,96.84090909,92.77272727,88.70454545,84.63636364,80.56818182,76.5,51,51,51,51,51,51,51,51,51,51,51,51,51,51,51,51,51,51,51,51,51,51,51,51,51,51,51,51,51,51,51
51,51,51,51,51,51,51,51,51,51,51,51,51,51,51,51,51,51,51,51,51,51,51,51,51,51,51,51,51,51,51,51,51,51,51,51,51,51,51,51,51,51,51,51,51,51,51,51,51,51,51,51,51,51,51,51,51,51,51,51,51,51,51,51,51,51,51,51,51,51,51,51,51,55,59,62,74,83,97,105,122,130,145,146,147,148,151,151,153,154,156,158,159,160,161,162,163,163,164,165,166,166,166,167,167,167,167,167,167,167,168,168,168,167,167,168,168,168,168,168,168,168,168,168,168,168,168,168,168,168,168,167,167,167,166,161.9318182,157.8636364,153.7954545,149.7272727,145.6590909,141.5909091,137.5227273,133.4545455,129.3863636,125.3181818,121.25,117.1818182,113.1136364,109.0454545,104.9772727,100.9090909,96.84090909,92.77272727,88.70454545,84.63636364,80.56818182,76.5,51,51,51,51,51,51,51,51,51,51,51,51,51,51,51,51,51,51,51,51,51,51,51,51,51,51,51,51,51,51,51,51,51
51,51,51,51,51,51,51,51,51,51,51,51,51,51,51,51,51,51,51,51,51,51,51,51,51,51,51,51,51,51,51,51,51,51,51,51,51,51,51,51,51,51,51,51,51,51,51,51,51,51,51,51,51,51,51,51,51,51,51,51,51,51,51,51,51,51,51,51,51,51,51,51,51,51,51,51,52,52,52,52,52,52,52,52,52,53,53,58,65,73,77,92,105,108,154,154,155,156,157,158,158,158,160,160,160,161,161,162,162,163,163,164,164,164,164,164,165,164,164,164,164,165,165,164,164,165,164,164,165,164,163,163,159.0681818,155.1363636,151.2045455,147.2727273,143.3409091,139.4090909,135.4772727,131.5454545,127.6136364,123.6818182,119.75,115.8181818,111.8863636,107.9545455,104.0227273,100.0909091,96.15909091,92.22727273,88.29545455,84.36363636,80.43181818,76.5,51,51,51,51,51,51,51,51,51,51,51,51,51,51,51,51,51,51,51,51,51,51,51,51,51,51,51,51,51,51,51,51,51,51,51,51
51,51,51,51,51,51,51,51,51,51,51,51,51,51,51,51,51,51,51,51,51,51,51,51,51,51,51,51,51,51,51,51,51,51,51,51,51,51,51,51,51,51,51,51,51,51,51,51,51,51,51,51,51,51,51,51,51,51,51,51,51,51,51,51,51,51,51,51,51,51,51,51,51,51,51,51,51,51,51,51,51,51,51,51,51,51,51,51,51,51,51,51,51,51,51,51,51,51,51,51,51,52,51,51,51,51,51,52,51,52,52,51,51,52,161,162,162,162,162,158.1136364,154.2272727,150.3409091,146.4545455,142.5681818,138.6818182,134.7954545,130.9090909,127.0227273,123.1363636,119.25,115.3636364,111.4772727,107.5909091,103.7045455,99.81818182,95.93181818,92.04545455,88.15909091,84.27272727,80.38636364,76.5,51,51,51,51,51,51,51,51,51,51,51,51,51,51,51,51,51,51,51,51,51,51,51,51,51,51,51,51,51,51,51,51,51,51,51,51,51,51,51,51,51,51,51,51,51,51,51,51,51
51,51,51,51,51,51,51,51,51,51,51,51,51,51,51,51,51,51,51,51,51,51,51,51,51,51,51,51,51,51,51,51,51,51,51,51,51,51,51,51,51,51,51,51,51,51,51,51,51,51,51,51,51,51,51,51,51,51,51,51,51,51,51,51,51,51,51,51,51,51,51,51,51,51,51,51,51,51,51,51,51,51,51,51,51,51,51,51,51,51,51,51,51,51,51,51,51,51,51,51,51,51,51,51,51,51,51,51,51,51,51,51,51,51,51,51,51,51,51,51,51,51,51,51,51,51,51,51,51,51,51,51,51,51,51,51,51,51,51,51,51,51,51,51,51,51,51,51,51,51,51,51,51,51,51,51,51,51,51,51,51,51,51,51,51,51,51,51,51,51,51,51,51,51,51,51,51,51,51,51,51,51,51,51,51,51,51,51,51,51
51,51,51,51,51,51,51,51,51,51,51,51,51,51,51,51,51,51,51,51,51,51,51,51,51,51,51,51,51,51,51,51,51,51,51,51,51,51,51,51,51,51,51,51,51,51,51,51,51,51,51,51,51,51,51,51,51,51,51,51,51,51,51,51,51,51,51,51,51,51,51,51,51,51,51,51,51,51,51,51,51,51,51,51,51,51,51,51,51,51,51,51,51,51,51,51,51,51,51,51,51,51,51,51,51,51,51,51,51,51,51,51,51,51,51,51,51,51,51,51,51,51,51,51,51,51,51,51,51,51,51,51,51,51,51,51,51,51,51,51,51,51,51,51,51,51,51,51,51,51,51,51,51,51,51,51,51,51,51,51,51,51,51,51,51,51,51,51,51,51,51,51,51,51,51,51,51,51,51,51,51,51,51,51,51,51,51,51,51,51
51,51,51,51,51,51,51,51,51,51,51,51,51,51,51,51,51,51,51,51,51,51,51,51,51,51,51,51,51,51,51,51,51,51,51,51,51,51,51,51,51,51,51,51,51,51,51,51,51,51,51,51,51,51,51,51,51,51,51,51,51,51,51,51,51,51,51,51,51,51,51,51,51,51,51,51,51,51,51,51,51,51,51,51,51,51,51,51,51,51,51,51,51,51,51,51,51,51,51,51,51,51,51,51,51,51,51,51,51,51,51,51,51,51,51,51,51,51,51,51,51,51,51,51,51,51,51,51,51,51,51,51,51,51,51,51,51,51,51,51,51,51,51,51,51,51,51,51,51,51,51,51,51,51,51,51,51,51,51,51,51,51,51,51,51,51,51,51,51,51,51,51,51,51,51,51,51,51,51,51,51,51,51,51,51,51,51,51,51,51
51,,,,,,,,,,,,,,,,,,,,,,,,,,,,,,,,,,,,,,,,,,,,,,,,,,,,,,,,,,,,,,,,,,,,,,,,,,,,,,,,,,,,,,,,,,,,,,,,,,,,,,,,,,,,,,,,,,,,,,,,,,,,,,,,,,,,,,,,,,,,,,,,,,,,,,,,,,,,,,,,,,,,,,,,,,,,,,,,,,,,,,,,,,,,,
